full_id,osm_id,osm_type,railway,name,xcoord,ycoord
n44022289,"44022289",node,stop,De Akkers,4.3199021,51.8332768
n44073084,"44073084",node,stop,Spijkenisse Centrum,4.3344807,51.8465371
n44118781,"44118781",node,stop,Rhoon,4.4194958,51.8591157
n44122613,"44122613",node,switch,,4.4244905,51.8599363
n44129775,"44129775",node,stop,Poortugaal,4.3957852,51.8617079
n44134405,"44134405",node,switch,,4.3758448,51.8627823
n44152704,"44152704",node,switch,,4.4378696,51.8678513
n44154790,"44154790",node,switch,,4.4628997,51.868735
n44166491,"44166491",node,switch,,4.4768857,51.8715329
n44167353,"44167353",node,switch,,4.4560187,51.8713231
n44182229,"44182229",node,stop,Slinge,4.47766,51.8745956
n44234275,"44234275",node,stop,Pernis,4.3818923,51.8849705
n44243741,"44243741",node,stop,Zuidplein,4.4883,51.8869
n44295310,"44295310",node,stop,Maashaven,4.4947288,51.8971985
n44314049,"44314049",node,switch,,4.4961932,51.9014682
n44316937,"44316937",node,switch,,4.4963454,51.9020327
n44322644,"44322644",node,stop,Rijnhaven,4.4967671,51.9035882
n44344049,"44344049",node,stop,Vijfsluizen,4.372119,51.9091428
n44376820,"44376820",node,stop,Troelstralaan,4.384684,51.9155218
n44404495,"44404495",node,stop,Parkweg,4.3940136,51.921202
n46206708,"46206708",node,switch,,4.961711,52.3316085
n186959304,"186959304",node,stop,Eendrachtsplein,4.4737535,51.9163189
n196326957,"196326957",node,stop,Dijkzigt,4.4661327,51.9122274
n205433667,"205433667",node,stop,Zalmplaat,4.3625942,51.8550273
n205435852,"205435852",node,stop,Heemraadlaan,4.3316513,51.8377531
n205475490,"205475490",node,stop,Tussenwater,4.3767863,51.8626126
n240489038,"240489038",node,stop,Wibautstraat,4.9120486,52.3545947
n250222259,"250222259",node,stop,Zuid,4.8739781,52.3390351
n250222332,"250222332",node,stop,Station Sloterdijk,4.8389786,52.3890375
n250222348,"250222348",node,stop,Isolatorweg,4.8505958,52.3951031
n250222349,"250222349",node,switch,,4.8515323,52.3951123
n250222350,"250222350",node,buffer_stop,,4.8548167,52.3951341
n250224115,"250224115",node,stop,De Vlugtlaan,4.8380564,52.3794609
n250224725,"250224725",node,stop,Postjesweg,4.8338612,52.3645995
n250225300,"250225300",node,stop,Heemstedestraat,4.834401,52.3523291
n250225792,"250225792",node,stop,Henk Sneevlietweg,4.834395,52.346385
n250229766,"250229766",node,stop,Centraal Station,4.9010471,52.3775081
n250233796,"250233796",node,stop,Strandvliet,4.9413977,52.3186119
n250233804,"250233804",node,stop,Bijlmer ArenA,4.9476178,52.311806
n250233821,"250233821",node,,Reigersbos,4.9743774,52.2955964
n250233831,"250233831",node,,Gein,4.9891612,52.2964067
n250233832,"250233832",node,buffer_stop,,4.9954604,52.2963087
n250234673,"250234673",node,,Bullewijk,4.9521292,52.306869
n250236254,"250236254",node,stop,Venserpolder,4.9464091,52.3267211
n250236271,"250236271",node,stop,Verrijn Stuartweg,4.9672062,52.3282901
n250236278,"250236278",node,stop,Ganzenhoef,4.9728869,52.3236783
n250236279,"250236279",node,,Kraaiennest,4.9790073,52.3169789
n250236282,"250236282",node,stop,Gaasperplas,4.9843391,52.3111615
n251035426,"251035426",node,switch,,4.9578699,52.330659
n264082857,"264082857",node,switch,,4.9636915,52.3311795
n264090713,"264090713",node,switch,,4.9641222,52.3306668
n264090901,"264090901",node,switch,,4.971263,52.3293199
n264090902,"264090902",node,switch,,4.9664487,52.330244
n264091278,"264091278",node,switch,,4.9664158,52.3300861
n264092005,"264092005",node,switch,,4.9695051,52.3295368
n264092104,"264092104",node,switch,,4.9698174,52.3294752
n264092927,"264092927",node,switch,,4.9656201,52.3303738
n264093394,"264093394",node,buffer_stop,,4.9642761,52.330789
n264093399,"264093399",node,buffer_stop,,4.9630044,52.3311556
n295725540,"295725540",node,switch,,4.8664532,52.3388205
n295725561,"295725561",node,buffer_stop,,4.8590351,52.3385143
n295725597,"295725597",node,switch,,4.8603503,52.3385685
n295747554,"295747554",node,railway_crossing,,4.8521625,52.3951778
n304800800,"304800800",node,stop,Heemstedestraat,4.8342252,52.3523254
n403496579,"403496579",node,switch,,4.440478,51.8690281
n403496590,"403496590",node,switch,,4.4450429,51.8698222
n403496595,"403496595",node,switch,,4.4514846,51.8708701
n403496597,"403496597",node,switch,,4.4522665,51.8710652
n403497713,"403497713",node,switch,,4.4530147,51.8712527
n403497716,"403497716",node,switch,,4.4516249,51.8708027
n403497722,"403497722",node,switch,,4.4502723,51.8701681
n403497737,"403497737",node,switch,,4.4451371,51.8693904
n403497740,"403497740",node,switch,,4.4443401,51.8694042
n403498348,"403498348",node,switch,,4.4468986,51.869654
n403501690,"403501690",node,switch,,4.4446491,51.8697883
n403501691,"403501691",node,switch,,4.4451755,51.8698089
n403503488,"403503488",node,switch,,4.4457162,51.8694094
n403503494,"403503494",node,switch,,4.4502042,51.8701616
n403503498,"403503498",node,switch,,4.4505811,51.8703218
n403504248,"403504248",node,buffer_stop,,4.4373123,51.870127
n403506613,"403506613",node,switch,,4.4403442,51.8701432
n403507725,"403507725",node,switch,,4.4409034,51.8701127
n403508327,"403508327",node,switch,,4.4456038,51.8702867
n1112443594,"1112443594",node,level_crossing,,4.9629333,52.3313754
n1359509256,"1359509256",node,buffer_stop,,4.854814,52.3952559
n1359509262,"1359509262",node,buffer_stop,,4.8548151,52.3951752
n1359509263,"1359509263",node,switch,,4.8523756,52.3951583
n1359509266,"1359509266",node,switch,,4.8523654,52.3952009
n1359509274,"1359509274",node,buffer_stop,,4.8548088,52.3952151
n1359516853,"1359516853",node,switch,,4.8608005,52.3386343
n1359516861,"1359516861",node,switch,,4.8608093,52.3385872
n1359516863,"1359516863",node,switch,,4.8664707,52.3388665
n1359516866,"1359516866",node,switch,,4.8672687,52.3389376
n1359528714,"1359528714",node,buffer_stop,,4.9954596,52.2964308
n1359528719,"1359528719",node,buffer_stop,,4.9954542,52.2963898
n1359528720,"1359528720",node,buffer_stop,,4.9954515,52.2963488
n1488972271,"1488972271",node,switch,,4.3213166,51.8334428
n1488972280,"1488972280",node,switch,,4.3314529,51.839521
n1488972383,"1488972383",node,switch,,4.3186406,51.8332847
n1488972384,"1488972384",node,switch,,4.3448254,51.8482743
n1488972385,"1488972385",node,switch,,4.3232521,51.8336256
n1488972420,"1488972420",node,buffer_stop,,4.3121824,51.832308
n1488972423,"1488972423",node,switch,,4.3165538,51.8329613
n1488972464,"1488972464",node,switch,,4.3225492,51.8335942
n1488972465,"1488972465",node,switch,,4.317162,51.833101
n1488972484,"1488972484",node,switch,,4.3186703,51.8331633
n1488972490,"1488972490",node,switch,,4.3221703,51.8335638
n1488972497,"1488972497",node,switch,,4.3313581,51.8398749
n1488972498,"1488972498",node,switch,,4.3456111,51.8483099
n1488972505,"1488972505",node,switch,,4.331382,51.8401565
n1488972506,"1488972506",node,switch,,4.3171658,51.8330695
n1488972512,"1488972512",node,switch,,4.3165737,51.8330888
n1513502987,"1513502987",node,switch,,4.3642858,51.857128
n1513502990,"1513502990",node,switch,,4.3656518,51.8590065
n1513503013,"1513503013",node,switch,,4.3653809,51.8586734
n1513503051,"1513503051",node,switch,,4.3751891,51.8629447
n1513503082,"1513503082",node,switch,,4.3642507,51.8571391
n1513503122,"1513503122",node,switch,,4.3645173,51.8574772
n1513503141,"1513503141",node,switch,,4.3656019,51.859013
n1513523271,"1513523271",node,switch,,4.3853713,51.8811306
n1513523283,"1513523283",node,stop,Tussenwater,4.3768723,51.8624221
n1513523324,"1513523324",node,switch,,4.3848497,51.88164
n1513523325,"1513523325",node,stop,Pernis,4.3817128,51.8849065
n1513523327,"1513523327",node,switch,,4.3850906,51.8813666
n1513523333,"1513523333",node,switch,,4.3738912,51.8632186
n1513523337,"1513523337",node,switch,,4.3741044,51.8630686
n1600582204,"1600582204",node,switch,,4.4240049,51.8598892
n1600582216,"1600582216",node,switch,,4.4024298,51.8605629
n1600582217,"1600582217",node,switch,,4.4010793,51.8608032
n1600589108,"1600589108",node,switch,,4.4384339,51.8681166
n1600589110,"1600589110",node,switch,,4.438665,51.8682108
n1600589111,"1600589111",node,switch,,4.4393912,51.8684593
n1602649951,"1602649951",node,stop,Coolhaven,4.4583154,51.9094164
n1602649954,"1602649954",node,stop,Delfshaven,4.4456919,51.9099682
n1602649971,"1602649971",node,stop,Marconiplein,4.4327107,51.9131691
n1622797052,"1622797052",node,switch,,4.4645215,51.8680415
n1622797054,"1622797054",node,switch,,4.439304,51.8684263
n1622797057,"1622797057",node,switch,,4.4641444,51.868174
n1622797097,"1622797097",node,switch,,4.4635686,51.868471
n1622797105,"1622797105",node,switch,,4.439354,51.8684816
n1622797112,"1622797112",node,switch,,4.4635279,51.8684891
n1622797126,"1622797126",node,buffer_stop,,4.4397851,51.8687571
n1622797209,"1622797209",node,switch,,4.4455325,51.8693794
n1622797258,"1622797258",node,buffer_stop,,4.4607249,51.8696768
n1622797268,"1622797268",node,switch,,4.4608167,51.8696736
n1622797275,"1622797275",node,switch,,4.4453879,51.8697201
n1622797311,"1622797311",node,switch,,4.4436026,51.8697498
n1622797313,"1622797313",node,switch,,4.4436527,51.8697498
n1622797315,"1622797315",node,switch,,4.4449915,51.869747
n1622797317,"1622797317",node,switch,,4.445504,51.8697375
n1622797345,"1622797345",node,switch,,4.4445977,51.8697659
n1622797359,"1622797359",node,switch,,4.4441953,51.8697624
n1622797363,"1622797363",node,switch,,4.4453358,51.8697711
n1622797386,"1622797386",node,buffer_stop,,4.442751,51.8698589
n1622797401,"1622797401",node,switch,,4.4420902,51.8699214
n1622797436,"1622797436",node,switch,,4.4601746,51.8699179
n1622797510,"1622797510",node,buffer_stop,,4.437782,51.8701025
n1622797519,"1622797519",node,switch,,4.4416972,51.8701118
n1622797536,"1622797536",node,switch,,4.4598697,51.8700405
n1622797573,"1622797573",node,switch,,4.4401493,51.870154
n1622797636,"1622797636",node,switch,,4.4595285,51.8701311
n1622797697,"1622797697",node,switch,,4.4450064,51.870269
n1622797763,"1622797763",node,switch,,4.4588754,51.870433
n1622797878,"1622797878",node,switch,,4.4509473,51.8705561
n1622797918,"1622797918",node,switch,,4.4510193,51.8707241
n1622797923,"1622797923",node,switch,,4.4510875,51.8707216
n1622797939,"1622797939",node,switch,,4.4510028,51.8707537
n1622797972,"1622797972",node,switch,,4.4513703,51.8707723
n1622797987,"1622797987",node,switch,,4.4510987,51.870795
n1622797993,"1622797993",node,switch,,4.4514431,51.870837
n1622798008,"1622798008",node,switch,,4.4517683,51.8709108
n1622798037,"1622798037",node,switch,,4.4518519,51.8709597
n1622798048,"1622798048",node,switch,,4.4522204,51.8710521
n1622798092,"1622798092",node,switch,,4.4568643,51.871132
n1622798144,"1622798144",node,switch,,4.4559989,51.8712844
n1624008233,"1624008233",node,stop,Vijfsluizen,4.3719035,51.9091623
n1624008248,"1624008248",node,buffer_stop,,4.3694849,51.863074
n1624008249,"1624008249",node,switch,,4.3738329,51.8631772
n1624008300,"1624008300",node,switch,,4.3714634,51.9064604
n1659009149,"1659009149",node,buffer_stop,,4.4754759,51.8686306
n1659009285,"1659009285",node,switch,,4.4770559,51.8725108
n1659009346,"1659009346",node,switch,,4.4779951,51.8759764
n1659009354,"1659009354",node,switch,,4.4771881,51.8729793
n1659009358,"1659009358",node,switch,,4.4762537,51.8698326
n1659009436,"1659009436",node,switch,,4.4769746,51.8720369
n1659009449,"1659009449",node,switch,,4.4774922,51.8736075
n1659009461,"1659009461",node,switch,,4.477908,51.8754535
n1659009478,"1659009478",node,stop,Maashaven,4.4947847,51.8971895
n1659009498,"1659009498",node,switch,,4.4780641,51.8759905
n1659009514,"1659009514",node,switch,,4.4772481,51.8729762
n1659009525,"1659009525",node,switch,,4.4771131,51.8725054
n1660926751,"1660926751",node,switch,,4.9674546,52.3298293
n1660989088,"1660989088",node,,,4.9678277,52.3296749
n1694828499,"1694828499",node,buffer_stop,,4.5545431,51.9205729
n1694828503,"1694828503",node,switch,,4.5436084,51.9197476
n1694828544,"1694828544",node,switch,,4.5508725,51.9200948
n1694828567,"1694828567",node,switch,,4.5504561,51.9197151
n1694828575,"1694828575",node,switch,,4.5446488,51.9201967
n1694828596,"1694828596",node,switch,,4.5509056,51.9198018
n1694828603,"1694828603",node,switch,,4.551626,51.9201994
n1694828614,"1694828614",node,switch,,4.5438947,51.9199517
n1694828744,"1694828744",node,switch,,4.5438731,51.9199873
n1694828840,"1694828840",node,switch,,4.5443254,51.9200109
n1694828853,"1694828853",node,switch,,4.5443272,51.9199661
n1694828876,"1694828876",node,switch,,4.5434652,51.9199547
n1694828883,"1694828883",node,switch,,4.5442384,51.9200399
n1694828923,"1694828923",node,buffer_stop,,4.5490151,51.9206862
n1694828935,"1694828935",node,switch,,4.5513665,51.9198539
n1694828939,"1694828939",node,switch,,4.5524288,51.9202439
n1694828950,"1694828950",node,switch,,4.5508342,51.9201221
n1694828963,"1694828963",node,switch,,4.5440704,51.9196723
n1694829025,"1694829025",node,switch,,4.5511648,51.9201874
n1694829054,"1694829054",node,switch,,4.543192,51.9197851
n1694829100,"1694829100",node,switch,,4.5519967,51.9202231
n1694829157,"1694829157",node,switch,,4.5512445,51.9201594
n1694829514,"1694829514",node,switch,,4.5534839,51.9203285
n1694829533,"1694829533",node,buffer_stop,,4.5484797,51.9205257
n1694829540,"1694829540",node,switch,,4.5507639,51.9201816
n1694829585,"1694829585",node,switch,,4.5507827,51.9201519
n1694829671,"1694829671",node,switch,,4.5451324,51.9203015
n1694829838,"1694829838",node,switch,,4.5444097,51.919917
n1725573706,"1725573706",node,switch,,4.9653828,52.33029
n1725578897,"1725578897",node,switch,,4.9580385,52.3308346
n1725578922,"1725578922",node,switch,,4.9609939,52.3311588
n1725582233,"1725582233",node,switch,,4.959043,52.3311953
n1725585294,"1725585294",node,switch,,4.9684976,52.3299525
n1776129627,"1776129627",node,railway_crossing,,4.9316432,52.3280276
n1776129696,"1776129696",node,railway_crossing,,4.9317426,52.3282488
n1776142064,"1776142064",node,switch,,4.921108,52.339755
n1776142070,"1776142070",node,switch,,4.9216499,52.3394395
n1776142076,"1776142076",node,switch,,4.9211877,52.3397509
n1776142077,"1776142077",node,switch,,4.9211973,52.3393843
n1776142095,"1776142095",node,switch,,4.9215103,52.3390756
n1776142122,"1776142122",node,switch,,4.923298,52.3374953
n1776157172,"1776157172",node,stop,Wibautstraat,4.9118953,52.3545601
n1776333478,"1776333478",node,buffer_stop,,4.9868938,52.3085896
n1776417898,"1776417898",node,stop,Ganzenhoef,4.9730859,52.3237237
n1776417900,"1776417900",node,stop,Gaasperplas,4.9842364,52.3115025
n1776417908,"1776417908",node,buffer_stop,,4.9868356,52.3085733
n1776417912,"1776417912",node,buffer_stop,,4.9867811,52.3085521
n1776417922,"1776417922",node,railway_crossing,,4.9852946,52.3102292
n1776417929,"1776417929",node,buffer_stop,,4.9867198,52.3085318
n1777342549,"1777342549",node,switch,,4.8772185,52.339169
n1777342586,"1777342586",node,switch,,4.8769458,52.3391579
n1946191479,"1946191479",node,switch,,4.4894768,51.8887222
n1946191480,"1946191480",node,switch,,4.4894303,51.8887338
n2173483446,"2173483446",node,stop,Blijdorp,4.4580891,51.9305871
n2173483451,"2173483451",node,stop,Blijdorp,4.4582602,51.9306444
n2173483559,"2173483559",node,,,4.4621655,51.9252945
n2173483561,"2173483561",node,,,4.4623247,51.9253683
n2173483720,"2173483720",node,milestone,,4.4665015,51.9430116
n2173483722,"2173483722",node,milestone,,4.4663931,51.9430205
n2173483769,"2173483769",node,switch,,4.4663514,51.9452463
n2173483779,"2173483779",node,switch,,4.4655873,51.9467727
n2173483784,"2173483784",node,switch,,4.4654071,51.9471754
n2173483785,"2173483785",node,switch,,4.4652607,51.9474045
n2173483789,"2173483789",node,switch,,4.4649855,51.9477488
n2173557205,"2173557205",node,stop,Rotterdam Centraal,4.4698149,51.923895
n2173557206,"2173557206",node,stop,Rotterdam Centraal,4.4697452,51.9240398
n2173557208,"2173557208",node,switch,,4.4668323,51.9237712
n2173557210,"2173557210",node,switch,,4.4661848,51.9237081
n2173557215,"2173557215",node,stop,Rotterdam Centraal,4.4698293,51.9237763
n2173557222,"2173557222",node,switch,,4.471423,51.9239234
n2173557223,"2173557223",node,switch,,4.4673665,51.9238078
n2173557231,"2173557231",node,switch,,4.4718945,51.9240378
n2173557234,"2173557234",node,switch,,4.4702783,51.9238776
n2173557243,"2173557243",node,switch,,4.4725849,51.9241111
n2173557247,"2173557247",node,switch,,4.4730731,51.924241
n2173836228,"2173836228",node,stop,Blaak,4.4892153,51.9199511
n2173836229,"2173836229",node,stop,Blaak,4.4890906,51.9200477
n2173836230,"2173836230",node,stop,Gerdesiaweg,4.5058468,51.925888
n2173836231,"2173836231",node,stop,Gerdesiaweg,4.5058561,51.925919
n2173836232,"2173836232",node,stop,Kralingse Zoom,4.5332967,51.9214158
n2173836233,"2173836233",node,stop,Kralingse Zoom,4.5333209,51.9215215
n2173836234,"2173836234",node,stop,Kralingse Zoom,4.5333392,51.9215508
n2173836235,"2173836235",node,stop,Kralingse Zoom,4.5333628,51.9216498
n2173836236,"2173836236",node,stop,Leuvehaven,4.4820214,51.9140338
n2173836237,"2173836237",node,stop,Leuvehaven,4.4819628,51.914034
n2173836238,"2173836238",node,stop,Oostplein,4.4970223,51.9233516
n2173836239,"2173836239",node,stop,Oostplein,4.4969723,51.9233643
n2173836240,"2173836240",node,stop,Stadhuis,4.4784926,51.9232269
n2173836241,"2173836241",node,stop,Stadhuis,4.4785436,51.9232449
n2173836242,"2173836242",node,stop,Voorschoterlaan,4.5130469,51.9249857
n2173836243,"2173836243",node,stop,Voorschoterlaan,4.5130657,51.9250144
n2173836244,"2173836244",node,stop,Wilhelminaplein,4.4925598,51.9077135
n2173836245,"2173836245",node,stop,Wilhelminaplein,4.4925955,51.9077405
n2173836267,"2173836267",node,switch,,4.4947074,51.9068408
n2173836271,"2173836271",node,switch,,4.4942258,51.9070028
n2173836311,"2173836311",node,switch,,4.4819295,51.9150494
n2173836312,"2173836312",node,switch,,4.4819866,51.915079
n2173836317,"2173836317",node,railway_crossing,,4.4819552,51.9152295
n2173836320,"2173836320",node,buffer_stop,,4.4820251,51.9156499
n2173836321,"2173836321",node,switch,,4.4819176,51.9154099
n2173836322,"2173836322",node,switch,,4.4819766,51.9153795
n2173836323,"2173836323",node,switch,,4.4819686,51.9156208
n2173836328,"2173836328",node,switch,,4.482023,51.9159489
n2173836361,"2173836361",node,stop,Beurs,4.4803884,51.9178668
n2173836363,"2173836363",node,stop,Beurs,4.4803692,51.9178996
n2173836382,"2173836382",node,switch,,4.4859606,51.9189334
n2173836385,"2173836385",node,switch,,4.4859489,51.918869
n2173836386,"2173836386",node,switch,,4.485902,51.9189649
n2173836391,"2173836391",node,switch,,4.4869152,51.9191182
n2173836396,"2173836396",node,switch,,4.4866113,51.9190957
n2173836400,"2173836400",node,stop,Beurs,4.4803477,51.9190178
n2173836403,"2173836403",node,stop,Beurs,4.480404,51.9190265
n2173836428,"2173836428",node,switch,,4.4800696,51.9197
n2173836430,"2173836430",node,switch,,4.4912325,51.9206994
n2173836431,"2173836431",node,switch,,4.479993,51.9200348
n2173836436,"2173836436",node,railway_crossing,,4.4800285,51.9198793
n2173836441,"2173836441",node,switch,,4.4801154,51.9197345
n2173836445,"2173836445",node,switch,,4.4916522,51.9208971
n2173836446,"2173836446",node,switch,,4.4799283,51.9200466
n2173836449,"2173836449",node,switch,,4.4919448,51.9210066
n2173836465,"2173836465",node,switch,,4.4924195,51.9211432
n2173836468,"2173836468",node,switch,,4.4927652,51.9213546
n2173836475,"2173836475",node,switch,,4.53138,51.9220191
n2173836476,"2173836476",node,buffer_stop,,4.4949817,51.9221473
n2173836479,"2173836479",node,switch,,4.5327397,51.9217007
n2173836486,"2173836486",node,switch,,4.5321021,51.9218364
n2173836494,"2173836494",node,switch,,4.531663,51.921999
n2178778485,"2178778485",node,stop,Capelle Centrum,4.5895721,51.9313618
n2178778486,"2178778486",node,stop,Capelle Centrum,4.5895479,51.931394
n2178778487,"2178778487",node,stop,Capelsebrug,4.5580666,51.9213386
n2178778489,"2178778489",node,stop,Capelsebrug,4.5580137,51.9214011
n2178778490,"2178778490",node,stop,Capelsebrug,4.5579023,51.9215146
n2178778491,"2178778491",node,,De Terp,4.600662,51.9360063
n2178778492,"2178778492",node,,De Terp,4.600555,51.9360939
n2178778501,"2178778501",node,stop,Slotlaan,4.5783313,51.9284615
n2178778502,"2178778502",node,stop,Slotlaan,4.5783229,51.9284912
n2178778553,"2178778553",node,switch,,4.5433624,51.9198929
n2178778563,"2178778563",node,switch,,4.5526482,51.9199279
n2178778639,"2178778639",node,switch,,4.5442647,51.9201125
n2178778890,"2178778890",node,buffer_stop,,4.5484797,51.9206327
n2178778892,"2178778892",node,,,4.5360949,51.9206608
n2178778961,"2178778961",node,switch,,4.5580542,51.9216012
n2178778976,"2178778976",node,switch,,4.558767,51.9218044
n2178778983,"2178778983",node,switch,,4.5596907,51.9218952
n2178778987,"2178778987",node,switch,,4.5591121,51.921788
n2178778990,"2178778990",node,switch,,4.5592241,51.9219583
n2178778993,"2178778993",node,switch,,4.5599629,51.9220375
n2178778996,"2178778996",node,switch,,4.5603475,51.9221595
n2178778998,"2178778998",node,switch,,4.560478,51.9222089
n2178779005,"2178779005",node,switch,,4.560982,51.9223842
n2178779007,"2178779007",node,switch,,4.5609777,51.9223335
n2178779012,"2178779012",node,switch,,4.5611343,51.9224674
n2178779016,"2178779016",node,switch,,4.5613728,51.9225507
n2178779019,"2178779019",node,switch,,4.5618375,51.9226219
n2178779121,"2178779121",node,switch,,4.5681888,51.9257932
n2178779130,"2178779130",node,switch,,4.5686696,51.925929
n2178779134,"2178779134",node,switch,,4.5690413,51.9260673
n2178779140,"2178779140",node,switch,,4.5695183,51.9262784
n2178779380,"2178779380",node,switch,,4.597455,51.9347077
n2178779388,"2178779388",node,switch,,4.5981209,51.934953
n2178779391,"2178779391",node,switch,,4.5982731,51.9350142
n2178779402,"2178779402",node,switch,,4.5990713,51.9354152
n2178779448,"2178779448",node,buffer_stop,,4.602093,51.936668
n2178779450,"2178779450",node,buffer_stop,,4.6020549,51.9367073
n2185275185,"2185275185",node,buffer_stop,,4.4866583,51.9189998
n2185275193,"2185275193",node,switch,,4.4923458,51.9211565
n2185275224,"2185275224",node,switch,,4.5085763,51.9256235
n2185275226,"2185275226",node,switch,,4.5081143,51.9257002
n2185275234,"2185275234",node,switch,,4.5077892,51.9257317
n2185275242,"2185275242",node,switch,,4.5073334,51.925744
n2385694161,"2385694161",node,switch,,4.4134406,51.9207032
n2385694175,"2385694175",node,stop,Schiedam Centrum,4.4102346,51.9213535
n2385694176,"2385694176",node,stop,Schiedam Centrum,4.4086615,51.9217737
n2385694181,"2385694181",node,switch,,4.4079778,51.9219515
n2385694190,"2385694190",node,switch,,4.4072489,51.9221854
n2385694223,"2385694223",node,switch,,4.4044145,51.9232164
n2385694224,"2385694224",node,switch,,4.4040088,51.9235971
n2385694230,"2385694230",node,switch,,4.4032104,51.9240111
n2385694231,"2385694231",node,switch,,4.4031436,51.9241083
n2737697596,"2737697596",node,level_crossing,,4.4662025,51.9454988
n2737697598,"2737697598",node,level_crossing,,4.4662682,51.945487
n2737697617,"2737697617",node,level_crossing,,4.4662541,51.9455301
n2737697621,"2737697621",node,level_crossing,,4.4661881,51.9455401
n2737706330,"2737706330",node,level_crossing,,4.4661696,51.9455934
n2737706332,"2737706332",node,level_crossing,,4.466236,51.9455826
n2737706334,"2737706334",node,level_crossing,,4.4662196,51.9454485
n2737706336,"2737706336",node,level_crossing,,4.4662849,51.9454388
n2871638116,"2871638116",node,switch,,4.4767269,51.8715873
n2871638120,"2871638120",node,switch,,4.4773296,51.8736395
n2871638126,"2871638126",node,switch,,4.4773216,51.8732246
n2872496459,"2872496459",node,switch,,4.3843552,51.8682172
n2872496460,"2872496460",node,switch,,4.3843885,51.8684808
n2872496461,"2872496461",node,switch,,4.3843135,51.8690519
n2872496462,"2872496462",node,switch,,4.3843807,51.8687034
n2872496471,"2872496471",node,switch,,4.3846844,51.8818908
n2872496475,"2872496475",node,switch,,4.3790996,51.8902959
n2872496476,"2872496476",node,switch,,4.3789482,51.8906712
n2872496477,"2872496477",node,switch,,4.3788899,51.8911143
n2872496478,"2872496478",node,switch,,4.3789248,51.8907879
n2872503312,"2872503312",node,switch,,4.3714573,51.9056096
n2872503313,"2872503313",node,switch,,4.3712682,51.9050794
n2872503314,"2872503314",node,switch,,4.371476,51.9057496
n2872503354,"2872503354",node,stop,Parkweg,4.3939247,51.9213156
n2872503374,"2872503374",node,switch,,4.4136238,51.9207205
n2872503375,"2872503375",node,switch,,4.4142391,51.9205897
n2872503377,"2872503377",node,switch,,4.4151792,51.9204962
n2872650725,"2872650725",node,stop,Eendrachtsplein,4.4737244,51.9163496
n2872650732,"2872650732",node,stop,Dijkzigt,4.4660974,51.9122493
n2872650739,"2872650739",node,stop,Coolhaven,4.4582471,51.9095462
n2872650751,"2872650751",node,stop,Delfshaven,4.4457184,51.9099984
n3032594048,"3032594048",node,switch,,4.9688894,52.3298775
n3032594049,"3032594049",node,switch,,4.970134,52.3294446
n3032594052,"3032594052",node,buffer_stop,,4.9630995,52.331179
n3032594053,"3032594053",node,buffer_stop,,4.9638275,52.3310066
n3032594058,"3032594058",node,switch,,4.9651141,52.3307022
n3032594061,"3032594061",node,switch,,4.9668545,52.3301634
n3032594064,"3032594064",node,switch,,4.9659815,52.3302106
n3032594067,"3032594067",node,switch,,4.966379,52.3302062
n3032594069,"3032594069",node,switch,,4.9659521,52.3302418
n3032594070,"3032594070",node,switch,,4.9692114,52.329629
n3032594071,"3032594071",node,switch,,4.969801,52.3294446
n3032594072,"3032594072",node,switch,,4.9704273,52.3292545
n3032594084,"3032594084",node,switch,,4.9701218,52.3294183
n3032594087,"3032594087",node,switch,,4.9683795,52.3299401
n3032594088,"3032594088",node,switch,,4.9671447,52.3301087
n3032594089,"3032594089",node,switch,,4.9680984,52.3299903
n3032594092,"3032594092",node,switch,,4.9684895,52.3296864
n3032594093,"3032594093",node,switch,,4.9690822,52.329618
n3068334491,"3068334491",node,stop,Spijkenisse Centrum,4.3344414,51.8465547
n3109722063,"3109722063",node,stop,Blaak,4.4888603,51.9197652
n3149917969,"3149917969",node,stop,Marconiplein,4.4328269,51.9132807
n3149917981,"3149917981",node,stop,Troelstralaan,4.3845814,51.9156012
n3149917987,"3149917987",node,stop,De Akkers,4.3198935,51.8333889
n3149917988,"3149917988",node,stop,Heemraadlaan,4.3315954,51.8377527
n3149917989,"3149917989",node,stop,Zalmplaat,4.3625755,51.8550454
n3149917991,"3149917991",node,stop,Rhoon,4.4194841,51.8591504
n3149917992,"3149917992",node,stop,Poortugaal,4.3958008,51.8617402
n3149917993,"3149917993",node,stop,Tussenwater,4.3768005,51.8626434
n3149917994,"3149917994",node,stop,Tussenwater,4.3768209,51.8627951
n3149917995,"3149917995",node,stop,Slinge,4.4777958,51.8745817
n3149917996,"3149917996",node,stop,Slinge,4.4776045,51.8745996
n3149917997,"3149917997",node,stop,Zuidplein,4.4883544,51.8868895
n3149917998,"3149917998",node,stop,Rijnhaven,4.4968239,51.90358
n3187687711,"3187687711",node,stop,Rokin,4.8925639,52.3705391
n3308281966,"3308281966",node,stop,Centraal Station,4.9008686,52.3773546
n3809220826,"3809220826",node,switch,,4.8779985,52.339245
n3809220830,"3809220830",node,switch,,4.8846464,52.3393094
n3809220831,"3809220831",node,switch,,4.8772326,52.3393181
n3809220838,"3809220838",node,railway_crossing,,4.8800792,52.3393616
n3809220840,"3809220840",node,switch,,4.880809,52.3393743
n3809220841,"3809220841",node,switch,,4.8815713,52.3393871
n3809220844,"3809220844",node,railway_crossing,,4.8811413,52.3393997
n3809220846,"3809220846",node,railway_crossing,,4.8804681,52.3394085
n3809220849,"3809220849",node,switch,,4.8807207,52.3394116
n3809220850,"3809220850",node,switch,,4.8815356,52.3394267
n3809221357,"3809221357",node,switch,,4.8775083,52.3394351
n3809221363,"3809221363",node,switch,,4.8813282,52.3394866
n3829959198,"3829959198",node,buffer_stop,,4.8488586,52.3950756
n3829959203,"3829959203",node,buffer_stop,,4.8548168,52.3950588
n3829959206,"3829959206",node,buffer_stop,,4.8548171,52.3951
n3829959213,"3829959213",node,buffer_stop,,4.8487445,52.3952523
n3829959217,"3829959217",node,buffer_stop,,4.8482199,52.3952781
n3829959220,"3829959220",node,switch,,4.8507939,52.39531
n3829959222,"3829959222",node,buffer_stop,,4.8482171,52.3953203
n3900328982,"3900328982",node,buffer_stop,,4.9869503,52.3086083
n3900328983,"3900328983",node,buffer_stop,,4.9869948,52.3086231
n3912942102,"3912942102",node,stop,Melanchthonweg,4.4646984,51.9482363
n3912942103,"3912942103",node,stop,Melanchthonweg,4.4644824,51.9486955
n3978300928,"3978300928",node,railway_crossing,,4.9704642,52.3262929
n3978300936,"3978300936",node,railway_crossing,,4.9309199,52.3289952
n3978300938,"3978300938",node,buffer_stop,,4.9660247,52.3290474
n3978300951,"3978300951",node,railway_crossing,,4.9277711,52.332314
n3978301794,"3978301794",node,buffer_stop,,4.9262571,52.3342687
n3978301832,"3978301832",node,railway_crossing,,4.923992,52.3363679
n3978301846,"3978301846",node,switch,,4.9227,52.3380061
n3978301848,"3978301848",node,railway_crossing,,4.8605733,52.3386013
n3978301849,"3978301849",node,railway_crossing,,4.8666831,52.3388528
n3978301857,"3978301857",node,railway_crossing,,4.9168472,52.3476121
n4001588901,"4001588901",node,buffer_stop,,4.955032,52.3035783
n4001588929,"4001588929",node,switch,,4.9712191,52.3293982
n4001588930,"4001588930",node,railway_crossing,,4.9707263,52.3294461
n4001588937,"4001588937",node,buffer_stop,,4.9709247,52.3295606
n4001588939,"4001588939",node,buffer_stop,,4.9706663,52.3296307
n4001588945,"4001588945",node,switch,,4.9690553,52.3298094
n4001588947,"4001588947",node,switch,,4.968316,52.3298432
n4001588950,"4001588950",node,switch,,4.9688466,52.3299246
n4001588951,"4001588951",node,switch,,4.9679016,52.3299626
n4001588956,"4001588956",node,railway_crossing,,4.9116076,52.3304067
n4001589159,"4001589159",node,switch,,4.9663165,52.3304167
n4001589164,"4001589164",node,switch,,4.9655211,52.3307181
n4001589207,"4001589207",node,railway_crossing,,4.8527611,52.3381031
n4001589210,"4001589210",node,switch,,4.922217,52.338356
n4001589211,"4001589211",node,switch,,4.9222511,52.3383916
n4001589212,"4001589212",node,railway_crossing,,4.9221072,52.3385215
n4001589213,"4001589213",node,switch,,4.9219364,52.3386766
n4001589214,"4001589214",node,switch,,4.9220095,52.3386673
n4001589229,"4001589229",node,switch,,4.8394327,52.3851931
n4001589230,"4001589230",node,switch,,4.8394879,52.3852042
n4001589231,"4001589231",node,railway_crossing,,4.8393829,52.3854848
n4001589233,"4001589233",node,switch,,4.8392717,52.3857157
n4001589234,"4001589234",node,switch,,4.8393414,52.3857281
n4005961976,"4005961976",node,stop,Bijlmer ArenA,4.9473959,52.3117311
n4005961977,"4005961977",node,stop,Centraal Station,4.9009371,52.3791884
n4005961978,"4005961978",node,stop,Centraal Station,4.9008785,52.3792082
n4005961979,"4005961979",node,stop,Noord,4.932585,52.4020575
n4005961980,"4005961980",node,stop,Noord,4.932402,52.4021571
n4005961981,"4005961981",node,stop,Noorderpark,4.9182755,52.3885941
n4005961982,"4005961982",node,stop,Noorderpark,4.9181114,52.3886982
n4005962406,"4005962406",node,railway_crossing,,4.9452724,52.3142056
n4005962475,"4005962475",node,switch,,4.9071106,52.3830626
n4005962476,"4005962476",node,switch,,4.9068021,52.3830162
n4005962478,"4005962478",node,switch,,4.9075883,52.3833443
n4005962481,"4005962481",node,buffer_stop,,4.9096706,52.3843195
n4005962485,"4005962485",node,switch,,4.9136841,52.3863221
n4005962486,"4005962486",node,switch,,4.9140952,52.3864874
n4005962487,"4005962487",node,switch,,4.9144116,52.3866481
n4005962488,"4005962488",node,switch,,4.9147543,52.3868648
n4005962522,"4005962522",node,switch,,4.9279893,52.3986119
n4005962524,"4005962524",node,switch,,4.9289408,52.3992704
n4005962527,"4005962527",node,switch,,4.9292779,52.3995225
n4005962530,"4005962530",node,switch,,4.930722,52.4008341
n4005962539,"4005962539",node,switch,,4.9336133,52.4028516
n4005962541,"4005962541",node,switch,,4.9334042,52.4029534
n4005962543,"4005962543",node,switch,,4.9339887,52.4033307
n4005962544,"4005962544",node,switch,,4.9340721,52.4032944
n4005962545,"4005962545",node,railway_crossing,,4.9342186,52.4034595
n4005962553,"4005962553",node,buffer_stop,,4.9360283,52.4046897
n4015458389,"4015458389",node,stop,Amstelstation,4.9174059,52.3466361
n4015458390,"4015458390",node,stop,Amstelstation,4.9174767,52.3466483
n4035522492,"4035522492",node,buffer_stop,,4.8477204,52.3950905
n4039017993,"4039017993",node,switch,,4.9709802,52.3289917
n4040262725,"4040262725",node,stop,Schiedam Centrum,4.4093936,51.9214531
n4048801952,"4048801952",node,stop,Hoogvliet,4.36681,51.8606106
n4048801953,"4048801953",node,stop,Hoogvliet,4.3667549,51.8606237
n4064153239,"4064153239",node,,Kraaiennest,4.9791866,52.3170385
n4064153242,"4064153242",node,stop,Station Diemen Zuid,4.9567748,52.3303113
n4064153243,"4064153243",node,stop,Station Diemen Zuid,4.9566878,52.3304057
n4064153244,"4064153244",node,stop,Verrijn Stuartweg,4.9673352,52.3283668
n4064245740,"4064245740",node,stop,Van der Madeweg,4.9300743,52.3296548
n4064245741,"4064245741",node,stop,Van der Madeweg,4.9302391,52.3297174
n4064245742,"4064245742",node,stop,Van der Madeweg,4.9302846,52.3297352
n4064245743,"4064245743",node,stop,Van der Madeweg,4.9304544,52.3297847
n4064245744,"4064245744",node,stop,Venserpolder,4.9462773,52.3268326
n4072288190,"4072288190",node,stop,Spaklerweg,4.9206141,52.3401909
n4072288191,"4072288191",node,stop,Spaklerweg,4.9208004,52.3402348
n4072288192,"4072288192",node,stop,Spaklerweg,4.9208526,52.3402457
n4072288193,"4072288193",node,stop,Spaklerweg,4.9210454,52.3402871
n4073737789,"4073737789",node,stop,Amstelveenseweg,4.8575924,52.3383393
n4073737790,"4073737790",node,stop,Amstelveenseweg,4.8575709,52.3384751
n4073737791,"4073737791",node,stop,Overamstel,4.9177027,52.3316595
n4073737792,"4073737792",node,stop,Overamstel,4.9176682,52.3316938
n4073737793,"4073737793",node,stop,Overamstel,4.9176063,52.3317688
n4073737797,"4073737797",node,stop,Zuid,4.8743378,52.3392141
n4073737798,"4073737798",node,stop,Zuid,4.8739633,52.3393223
n4075987790,"4075987790",node,stop,Henk Sneevlietweg,4.8345741,52.3463868
n4076017505,"4076017505",node,stop,Lelylaan,4.8342535,52.3580602
n4076017506,"4076017506",node,stop,Lelylaan,4.8344667,52.3580615
n4077313758,"4077313758",node,stop,De Vlugtlaan,4.838233,52.3794484
n4077313760,"4077313760",node,stop,Isolatorweg,4.8505967,52.3952329
n4077313761,"4077313761",node,stop,Jan van Galenstraat,4.8353639,52.3725816
n4077313762,"4077313762",node,stop,Jan van Galenstraat,4.8351828,52.3725841
n4077313764,"4077313764",node,stop,Postjesweg,4.8340343,52.3645962
n4077313773,"4077313773",node,stop,Station Sloterdijk,4.8387632,52.3890363
n4192295865,"4192295865",node,,Bullewijk,4.9520015,52.3067895
n4192295866,"4192295866",node,stop,Duivendrecht,4.936458,52.3235649
n4192295867,"4192295867",node,stop,Duivendrecht,4.9365601,52.3236024
n4192295869,"4192295869",node,,Gein,4.989299,52.2962711
n4192295870,"4192295870",node,,Holendrecht,4.9599574,52.2980894
n4192295871,"4192295871",node,,Holendrecht,4.9601264,52.2981319
n4192295872,"4192295872",node,,Reigersbos,4.9740002,52.2956365
n4192295879,"4192295879",node,stop,Strandvliet,4.9414198,52.3183621
n4486090771,"4486090771",node,switch,,4.4388082,51.8701934
n4523990540,"4523990540",node,buffer_stop,,4.4397937,51.8685555
n4523990553,"4523990553",node,switch,,4.4404774,51.8688551
n4523990717,"4523990717",node,buffer_stop,,4.4644929,51.8680939
n4523990726,"4523990726",node,switch,,4.4639553,51.8683486
n5037635395,"5037635395",node,switch,,4.8780248,52.3393025
n5046827919,"5046827919",node,stop,Station RAI,4.889539,52.337689
n5046828023,"5046828023",node,stop,Station RAI,4.8894203,52.3376062
n5060449236,"5060449236",node,,,4.9706868,52.3289871
n5080261219,"5080261219",node,switch,,4.4017158,51.924921
n5190934436,"5190934436",node,switch,,4.891674,52.3618427
n5367746707,"5367746707",node,stop,Europaplein,4.8914299,52.3419224
n5367746708,"5367746708",node,stop,Europaplein,4.8915605,52.3411785
n5424656911,"5424656911",node,switch,,4.8997141,52.378012
n5424656912,"5424656912",node,switch,,4.8994068,52.3776962
n5424656913,"5424656913",node,railway_crossing,,4.8995892,52.3778437
n5424656914,"5424656914",node,switch,,4.8997717,52.3779913
n5424657936,"5424657936",node,switch,,4.8994643,52.3776755
n5424713362,"5424713362",node,railway_crossing,,4.9025869,52.3765036
n5424713367,"5424713367",node,buffer_stop,,4.9000818,52.3776936
n5424713426,"5424713426",node,buffer_stop,,4.9002695,52.3778565
n5776568692,"5776568692",node,,,4.8796651,52.3392711
n5776568693,"5776568693",node,,,4.8836726,52.3394002
n5776568694,"5776568694",node,,,4.8748621,52.3390701
n5776568695,"5776568695",node,,,4.8717257,52.339215
n5776624758,"5776624758",node,stop,Vijzelgracht,4.8910469,52.3606866
n5776624759,"5776624759",node,stop,Vijzelgracht,4.8912207,52.3606661
n5776624760,"5776624760",node,stop,De Pijp,4.8906476,52.3539585
n5776624761,"5776624761",node,stop,De Pijp,4.8906487,52.3539577
n5803814179,"5803814179",node,level_crossing,,4.5526555,51.9202989
n5803814180,"5803814180",node,level_crossing,,4.5526666,51.9202699
n5803814189,"5803814189",node,level_crossing,,4.5515596,51.9198863
n5988875838,"5988875838",node,switch,,4.4666994,51.9443829
n5988875841,"5988875841",node,buffer_stop,,4.4666256,51.9447257
n6210163425,"6210163425",node,switch,,4.4022624,51.9245814
n6210163432,"6210163432",node,buffer_stop,,4.3997212,51.9258564
n6214491960,"6214491960",node,,,4.9630117,52.3313551
n6339421019,"6339421019",node,switch,,4.4145838,51.9205445
n6339547166,"6339547166",node,switch,,4.3964863,51.9221887
n6339547167,"6339547167",node,switch,,4.3960759,51.9219724
n6413388530,"6413388530",node,,,4.9628849,52.3313881
n6452764440,"6452764440",node,buffer_stop,,4.4773874,51.8736871
n6452764452,"6452764452",node,switch,,4.477268,51.8732631
n6452764466,"6452764466",node,switch,,4.4769066,51.8720103
n6454299799,"6454299799",node,switch,,4.3179917,51.8331836
n6454299800,"6454299800",node,switch,,4.3180132,51.8331463
n6454299801,"6454299801",node,switch,,4.3174593,51.8330966
n6454299802,"6454299802",node,switch,,4.3174486,51.8331323
n6454344633,"6454344633",node,switch,,4.4016049,51.8606799
n6454344634,"6454344634",node,switch,,4.401853,51.8606343
n6469562887,"6469562887",node,switch,,4.4230296,51.8597003
n6469562888,"6469562888",node,switch,,4.4235892,51.8598219
n6484065646,"6484065646",node,stop,Rokin,4.8927726,52.3704434
n6484103674,"6484103674",node,switch,,4.8914715,52.3613466
n6484103700,"6484103700",node,switch,,4.8915557,52.3618678
n6484103835,"6484103835",node,switch,,4.8913379,52.361374
n6484114212,"6484114212",node,switch,,4.8911363,52.3430709
n6484114286,"6484114286",node,switch,,4.891218,52.3427513
n6484114292,"6484114292",node,switch,,4.89116,52.3427457
n6484114339,"6484114339",node,switch,,4.8910783,52.3430654
n6943876854,"6943876854",node,buffer_stop,,4.9369657,52.4057046
n6943891489,"6943891489",node,buffer_stop,,4.9361998,52.40519
n6943891506,"6943891506",node,buffer_stop,,4.9359518,52.4047137
n6943891518,"6943891518",node,buffer_stop,,4.9370723,52.405655
n6943891579,"6943891579",node,buffer_stop,,4.9374203,52.4059965
n7106869918,"7106869918",node,stop,Nieuwmarkt,4.9010846,52.371353
n7106870068,"7106870068",node,stop,Waterlooplein,4.9036061,52.3666363
n7106870071,"7106870071",node,stop,Waterlooplein,4.9037527,52.3666905
n7106870124,"7106870124",node,stop,Nieuwmarkt,4.9009379,52.3714238
n7106910834,"7106910834",node,buffer_stop,,4.9059483,52.3645998
n7106910981,"7106910981",node,stop,Weesperplein,4.9079182,52.3613263
n7106911022,"7106911022",node,stop,Weesperplein,4.9078472,52.3613094
n7152419363,"7152419363",node,,,4.8988082,52.3770166
n7152419364,"7152419364",node,,,4.8987264,52.3770446
n7237647802,"7237647802",node,,,4.9022232,52.3767236
n7237647803,"7237647803",node,,,4.9023002,52.3767699
n7611931971,"7611931971",node,,,4.901528,52.3797582
n7611931972,"7611931972",node,,,4.9014658,52.3797847
n7611931973,"7611931973",node,,,4.9059241,52.3825925
n7611931974,"7611931974",node,,,4.9059921,52.382538
n7618564133,"7618564133",node,owner_change,,4.4401301,51.8702956
n7618564134,"7618564134",node,loading_gauge,,4.4414364,51.8700141
n7843031791,"7843031791",node,switch,,4.9656648,52.3302658
n8085411316,"8085411316",node,buffer_stop,,4.3123497,51.8323134
n8085415517,"8085415517",node,buffer_stop,,4.3123763,51.8322834
n8085415518,"8085415518",node,buffer_stop,,4.3124018,51.8322466
n8122272881,"8122272881",node,buffer_stop,,4.467323,51.9408958
n8122272882,"8122272882",node,buffer_stop,,4.4673807,51.9409001
n8122359521,"8122359521",node,switch,,4.4671433,51.9416607
n8122359525,"8122359525",node,switch,,4.4671374,51.941689
n8122359526,"8122359526",node,switch,,4.4670645,51.9419983
n8122359529,"8122359529",node,switch,,4.4668098,51.9431414
n8122359531,"8122359531",node,switch,,4.4667799,51.9437495
n8741994477,"8741994477",node,milestone,,4.4662587,51.9455161
n8741994478,"8741994478",node,milestone,,4.4661921,51.9455287
n8742939231,"8742939231",node,switch,,4.485427,51.8845523
n8742939232,"8742939232",node,switch,,4.4847097,51.8843449
n8742939233,"8742939233",node,switch,,4.4847378,51.8843139
n8742939234,"8742939234",node,switch,,4.4853962,51.8845834
n8745967524,"8745967524",node,switch,,4.4963998,51.9020246
n8745967525,"8745967525",node,switch,,4.4962571,51.9014606
n8745967526,"8745967526",node,railway_crossing,,4.4892542,51.8884052
n8745967527,"8745967527",node,switch,,4.4890771,51.8880746
n8745967528,"8745967528",node,switch,,4.4890274,51.8880821
n8746425706,"8746425706",node,switch,,4.3313638,51.8398339
n8746425707,"8746425707",node,switch,,4.3462104,51.8483121
n8746425708,"8746425708",node,switch,,4.3470001,51.8482929
n8746425709,"8746425709",node,switch,,4.3822106,51.8617989
n8746425710,"8746425710",node,switch,,4.3814402,51.8619295
n8746425711,"8746425711",node,switch,,4.3813908,51.8619358
n8746425712,"8746425712",node,switch,,4.3806491,51.8619995
n8780699377,"8780699377",node,switch,,4.4289578,51.9154942
n8780699378,"8780699378",node,switch,,4.4291661,51.9152628
n8780718282,"8780718282",node,switch,,4.4700911,51.9146952
n8780718283,"8780718283",node,switch,,4.4697366,51.9145181
n8780718288,"8780718288",node,switch,,4.4694963,51.9143682
n8780718289,"8780718289",node,switch,,4.4692096,51.9141455
n8780718419,"8780718419",node,switch,,4.4601722,51.9100396
n8780718521,"8780718521",node,switch,,4.4612591,51.9103085
n8780718528,"8780718528",node,switch,,4.4625763,51.9108418
n8780718529,"8780718529",node,switch,,4.4614112,51.9103607
n8780718654,"8780718654",node,switch,,4.4361577,51.9122594
n8780718657,"8780718657",node,switch,,4.4382349,51.9116472
n8780718658,"8780718658",node,switch,,4.4378441,51.9117994
n8780718662,"8780718662",node,switch,,4.4367573,51.9120844
n8780718663,"8780718663",node,switch,,4.4373889,51.9119348
n8780718666,"8780718666",node,switch,,4.4355689,51.9124614
n8780718668,"8780718668",node,switch,,4.42966,51.9148951
n8780718682,"8780718682",node,switch,,4.4363902,51.9122316
n8780718686,"8780718686",node,buffer_stop,,4.4328594,51.9133049
n8780718712,"8780718712",node,switch,,4.429367,51.915091
n8780718715,"8780718715",node,switch,,4.4496962,51.9094387
n8780718716,"8780718716",node,switch,,4.4508356,51.9091302
n8780718807,"8780718807",node,switch,,4.4500918,51.9092975
n8780718812,"8780718812",node,switch,,4.4504062,51.9092124
n9356565404,"9356565404",node,crossing,,4.9720999,52.324567
n9442882590,"9442882590",node,level_crossing,,4.963172,52.3313139
n9632197674,"9632197674",node,,,4.4944441,51.8966956
n9632197675,"9632197675",node,,,4.4951529,51.8976522
n9632197677,"9632197677",node,,,4.4942936,51.8967419
n9632197678,"9632197678",node,,,4.4949922,51.8976668
n9687658307,"9687658307",node,,,4.5044111,51.9260261
n9774403788,"9774403788",node,crossing,,4.4799935,51.9200326
n9963390167,"9963390167",node,buffer_stop,,4.8742509,52.3392098
n10196795625,"10196795625",node,level_crossing,,4.4468195,51.8693337
n10196795626,"10196795626",node,level_crossing,,4.446799,51.8693953
n10196795627,"10196795627",node,level_crossing,,4.4467735,51.8694721
n10196795628,"10196795628",node,level_crossing,,4.4467532,51.8695331
